team_pk,player1,player2,team_key
1,Abdulaziz Redha,Javier Navarro Perez,Abdulaziz Redha / Javier Navarro Perez
3,Abdulaziz Redha,Omar Althagib,Abdulaziz Redha / Omar Althagib
5,Abdulaziz Saadon Alkuwari,Amr Hassan,Abdulaziz Saadon Alkuwari / Amr Hassan
7,Abdulla Alhijji,Mohammed Saadon Alkuwari,Abdulla Alhijji / Mohammed Saadon Alkuwari
9,Abdulla Alhijji,Rayan Abdulla,Abdulla Alhijji / Rayan Abdulla
11,Adam Axelsson,Daniel Santigosa Sastre,Adam Axelsson / Daniel Santigosa Sastre
13,Adam Axelsson,Fran Ramirez Navas,Adam Axelsson / Fran Ramirez Navas
15,Adam Axelsson,Simon Vasquez,Adam Axelsson / Simon Vasquez
17,Adria Mercadal,Clement Geens,Adria Mercadal / Clement Geens
19,Adria Mercadal,Ruben Rivera,Adria Mercadal / Ruben Rivera
21,Adrian Marques Berdonce,Gerard Arnaldos Serrano,Adrian Marques Berdonce / Gerard Arnaldos Serrano
23,Adrian Marques Berdonce,Ignacio Piotto Albornoz,Adrian Marques Berdonce / Ignacio Piotto Albornoz
24,Adrian Marques Berdonce,Marc Sintes Villalonga,Adrian Marques Berdonce / Marc Sintes Villalonga
26,Adrian Marques Berdonce,Marco Cassetta,Adrian Marques Berdonce / Marco Cassetta
28,Adrian Marques Berdonce,Mario Huete Hernandez,Adrian Marques Berdonce / Mario Huete Hernandez
30,Adrian Naranjo Martinez,Christian Fuster,Adrian Naranjo Martinez / Christian Fuster
32,Adrian Ronco Lopez,Carlos Perez Cabeza,Adrian Ronco Lopez / Carlos Perez Cabeza
34,Adrian Ronco Lopez,Pepe Aliaga,Adrian Ronco Lopez / Pepe Aliaga
36,Adrien Maigret,Jerome Inzerillo,Adrien Maigret / Jerome Inzerillo
38,Agustin Gomez Silingo,Federico Mouriño,Agustin Gomez Silingo / Federico Mouriño
40,Agustin Gomez Silingo,Gustavo Nunes,Agustin Gomez Silingo / Gustavo Nunes
42,Agustin Gomez Silingo,Juan Martin Diaz Martinez,Agustin Gomez Silingo / Juan Martin Diaz Martinez
43,Agustin Gomez Silingo,Pablo Lima,Agustin Gomez Silingo / Pablo Lima
45,Agustin Gutierrez,Carlos Daniel Gutierrez,Agustin Gutierrez / Carlos Daniel Gutierrez
47,Agustin Gutierrez,Jaime Munoz,Agustin Gutierrez / Jaime Munoz
49,Agustin Gutierrez,Javier Valdes,Agustin Gutierrez / Javier Valdes
51,Agustin Gutierrez,Jose Rico,Agustin Gutierrez / Jose Rico
53,Agustin Gutierrez,Lucas Campagnolo,Agustin Gutierrez / Lucas Campagnolo
55,Agustin Gutierrez,Luciano Capra,Agustin Gutierrez / Luciano Capra
56,Agustin Reca,Guillem Figuerola Santiago,Agustin Reca / Guillem Figuerola Santiago
58,Agustin Tapia,Arturo Coello,Agustin Tapia / Arturo Coello
60,Agustín Torre,Alvaro Cepero,Agustín Torre / Alvaro Cepero
62,Agustín Torre,Enzo Jensen Sirvent,Agustín Torre / Enzo Jensen Sirvent
64,Agustín Torre,Mario Ortega,Agustín Torre / Mario Ortega
66,Aimar Goñi Lacabe,Jaime Munoz,Aimar Goñi Lacabe / Jaime Munoz
68,Aimar Goñi Lacabe,Luciano Capra,Aimar Goñi Lacabe / Luciano Capra
70,Aimar Goñi Lacabe,Mario Ortega,Aimar Goñi Lacabe / Mario Ortega
72,Aitor Garcia,Benjamin Tison,Aitor Garcia / Benjamin Tison
74,Aitor Garcia,Mario Huete Hernandez,Aitor Garcia / Mario Huete Hernandez
76,Aitor Garcia,Miguel Angel Solbes,Aitor Garcia / Miguel Angel Solbes
78,Aitor Garcia,Pedro Vera,Aitor Garcia / Pedro Vera
80,Albert Roglan Pons,Ferran Insa Sotillo,Albert Roglan Pons / Ferran Insa Sotillo
82,Alberto Garcia Jimenez,Christian Medina Murphy,Alberto Garcia Jimenez / Christian Medina Murphy
84,Alberto Garcia Trabanco,Ivan Ramirez,Alberto Garcia Trabanco / Ivan Ramirez
86,Alberto Garcia Trabanco,Pablo Marqués Gonzalez,Alberto Garcia Trabanco / Pablo Marqués Gonzalez
88,Albin Olsson,Douglas Rutgersson,Albin Olsson / Douglas Rutgersson
90,Alejandro Arroyo,Alejandro Ruiz,Alejandro Arroyo / Alejandro Ruiz
92,Alejandro Arroyo,Carlos Daniel Gutierrez,Alejandro Arroyo / Carlos Daniel Gutierrez
94,Alejandro Arroyo,Eduardo Alonso,Alejandro Arroyo / Eduardo Alonso
96,Alejandro Arroyo,Gonzalo Rubio,Alejandro Arroyo / Gonzalo Rubio
98,Alejandro Arroyo,Inigo Jofre,Alejandro Arroyo / Inigo Jofre
100,Alejandro Arroyo,Miguel Yanguas,Alejandro Arroyo / Miguel Yanguas
101,Alejandro Caton Calvo,Henrique Barbosa,Alejandro Caton Calvo / Henrique Barbosa
103,Alejandro Galan,Federico Chingotto,Alejandro Galan / Federico Chingotto
105,Alejandro Galan,Juan Lebron,Alejandro Galan / Juan Lebron
107,Alejandro Jerez Carnero,Clement Geens,Alejandro Jerez Carnero / Clement Geens
109,Alejandro Jerez Carnero,Manuel Castaño Salguero,Alejandro Jerez Carnero / Manuel Castaño Salguero
111,Alejandro Jerez Carnero,Miguel Lamperti,Alejandro Jerez Carnero / Miguel Lamperti
113,Alejandro Ruiz,Alex Chozas,Alejandro Ruiz / Alex Chozas
115,Alejandro Ruiz,Javier Garrido,Alejandro Ruiz / Javier Garrido
117,Alejandro Ruiz,Jeronimo Gonzalez,Alejandro Ruiz / Jeronimo Gonzalez
119,Alejandro Ruiz,Juan Lebron,Alejandro Ruiz / Juan Lebron
121,Alejandro Ruiz,Juan Tello,Alejandro Ruiz / Juan Tello
123,Alejandro Ruiz,Maximiliano Sanchez,Alejandro Ruiz / Maximiliano Sanchez
125,Alejandro Ruiz,Victor Ruiz,Alejandro Ruiz / Victor Ruiz
127,Alejandro Ruiz Granados,Juanlu Esbri,Alejandro Ruiz Granados / Juanlu Esbri
129,Alejandro Ruiz Granados,Maximiliano Sanchez Aguero,Alejandro Ruiz Granados / Maximiliano Sanchez Aguero
131,Alejandro Ruiz Granados,Victor Ruiz,Alejandro Ruiz Granados / Victor Ruiz
133,Alejandro Tasa Van Beek,Luis Hernandez Quesada,Alejandro Tasa Van Beek / Luis Hernandez Quesada
135,Alex Chozas,Alvaro Cepero,Alex Chozas / Alvaro Cepero
136,Alex Chozas,Carlos Daniel Gutierrez,Alex Chozas / Carlos Daniel Gutierrez
138,Alex Chozas,David Gala,Alex Chozas / David Gala
140,Alex Chozas,Denis Tomas Perino,Alex Chozas / Denis Tomas Perino
142,Alex Chozas,Eduardo Alonso,Alex Chozas / Eduardo Alonso
144,Alex Chozas,Facundo Dominguez,Alex Chozas / Facundo Dominguez
146,Alex Chozas,Jose Solano Marmolejo,Alex Chozas / Jose Solano Marmolejo
148,Alex Chozas,Leandro Augsburger,Alex Chozas / Leandro Augsburger
150,Alex Chozas,Leonel Daniel Aguirre,Alex Chozas / Leonel Daniel Aguirre
152,Alex Chozas,Lucas Campagnolo,Alex Chozas / Lucas Campagnolo
154,Alex Chozas,Luciano Capra,Alex Chozas / Luciano Capra
156,Alex Chozas,Miguel Lamperti,Alex Chozas / Miguel Lamperti
158,Alex Chozas,Valentino Libaak,Alex Chozas / Valentino Libaak
160,Alfonso Sanchez Arriaga,Samuel Rivas Garcia,Alfonso Sanchez Arriaga / Samuel Rivas Garcia
162,Ali Alsaygh,Rayan Abdulla,Ali Alsaygh / Rayan Abdulla
164,Ali Alsaygh,Rayyan Al Jufairi,Ali Alsaygh / Rayyan Al Jufairi
165,Alonso Rodriguez Martinez,Cristian German Gutierrez,Alonso Rodriguez Martinez / Cristian German Gutierrez
166,Alonso Rodriguez Martinez,Daniel Santigosa Sastre,Alonso Rodriguez Martinez / Daniel Santigosa Sastre
168,Alonso Rodriguez Martinez,Gerard Arnaldos Serrano,Alonso Rodriguez Martinez / Gerard Arnaldos Serrano
170,Alonso Rodriguez Martinez,Inigo Jofre,Alonso Rodriguez Martinez / Inigo Jofre
172,Alonso Rodriguez Martinez,Javier Martinez,Alonso Rodriguez Martinez / Javier Martinez
174,Alonso Rodriguez Martinez,Jose Luis Gonzalez,Alonso Rodriguez Martinez / Jose Luis Gonzalez
176,Alonso Rodriguez Martinez,Juan Ignacio Rubini,Alonso Rodriguez Martinez / Juan Ignacio Rubini
178,Alonso Rodriguez Martinez,Nicolas Suescun,Alonso Rodriguez Martinez / Nicolas Suescun
180,Alonso Villavicencio Mancilla,Joaquin Nicolas Escalona Linz,Alonso Villavicencio Mancilla / Joaquin Nicolas Escalona Linz
182,Alvaro Cepero,Andres Fernandez Lancha,Alvaro Cepero / Andres Fernandez Lancha
184,Alvaro Cepero,Arnau Ayats,Alvaro Cepero / Arnau Ayats
185,Alvaro Cepero,Eduardo Agustin Torre,Alvaro Cepero / Eduardo Agustin Torre
187,Alvaro Cepero,Facundo Dominguez,Alvaro Cepero / Facundo Dominguez
189,Alvaro Cepero,Jose David Sanchez,Alvaro Cepero / Jose David Sanchez
191,Alvaro Cepero,Miguel Benitez Lara,Alvaro Cepero / Miguel Benitez Lara
193,Alvaro Cepero,Pablo Garcia Rodrigo,Alvaro Cepero / Pablo Garcia Rodrigo
195,Alvaro Cepero,Pablo Lijo,Alvaro Cepero / Pablo Lijo
197,Alvaro Lopez Campos,Marc Lupon Martinez,Alvaro Lopez Campos / Marc Lupon Martinez
199,Álvaro Melendez Amaya,Cristian German Gutierrez,Álvaro Melendez Amaya / Cristian German Gutierrez
201,Álvaro Melendez Amaya,Facundo Dominguez,Álvaro Melendez Amaya / Facundo Dominguez
203,Álvaro Melendez Amaya,Pedro Melendez Amaya,Álvaro Melendez Amaya / Pedro Melendez Amaya
205,Álvaro Mélendez Amaya,Facundo Dominguez,Álvaro Mélendez Amaya / Facundo Dominguez
207,Alvaro Montiel Caruso,Flavio Abbate,Alvaro Montiel Caruso / Flavio Abbate
209,Alvaro Montiel Caruso,Juan Cruz Belluati,Alvaro Montiel Caruso / Juan Cruz Belluati
211,Alvaro Montiel Caruso,Leonardo Yob,Alvaro Montiel Caruso / Leonardo Yob
213,Alvaro Montiel Caruso,Simon Vasquez,Alvaro Montiel Caruso / Simon Vasquez
215,Alvaro Montiel Caruso,Thomas Leygue,Alvaro Montiel Caruso / Thomas Leygue
217,Amilcar Gaston Bejarano,Luis Enrique Barrientos Garcia,Amilcar Gaston Bejarano / Luis Enrique Barrientos Garcia
219,Andres Devletian,Diego Gonzalez Almedo,Andres Devletian / Diego Gonzalez Almedo
221,Andres Fernandez Lancha,Enzo Jensen Sirvent,Andres Fernandez Lancha / Enzo Jensen Sirvent
223,Andres Fernandez Lancha,Ignacio Sager,Andres Fernandez Lancha / Ignacio Sager
225,Andres Fernandez Lancha,Jose Antonio Diestro,Andres Fernandez Lancha / Jose Antonio Diestro
226,Andres Fernandez Lancha,Mario Ortega,Andres Fernandez Lancha / Mario Ortega
228,Andres Fernandez Lancha,Pablo Garcia Rodrigo,Andres Fernandez Lancha / Pablo Garcia Rodrigo
230,Andres Fernandez Lancha,Rodrigo Coello Manso,Andres Fernandez Lancha / Rodrigo Coello Manso
232,Anton Sans,David Gala Sanchez,Anton Sans / David Gala Sanchez
234,Anton Sans,Ivan Ramirez,Anton Sans / Ivan Ramirez
236,Anton Sans,Marc Quilez,Anton Sans / Marc Quilez
238,Anton Sans,Mario Ortega,Anton Sans / Mario Ortega
240,Anton Sans,Miguel Gonzalez,Anton Sans / Miguel Gonzalez
242,Anton Sans,Teodoro Zapata,Anton Sans / Teodoro Zapata
244,Antonio Fernandez,Federico Mouriño,Antonio Fernandez / Federico Mouriño
246,Antonio Fernandez,Gonzalo Rubio,Antonio Fernandez / Gonzalo Rubio
248,Antonio Fernandez,Jaime Munoz,Antonio Fernandez / Jaime Munoz
250,Antonio Fernandez,Javier Barahona,Antonio Fernandez / Javier Barahona
252,Antonio Fernandez,Javier Martinez,Antonio Fernandez / Javier Martinez
254,Antonio Fernandez,Jose Antonio Diestro,Antonio Fernandez / Jose Antonio Diestro
255,Antonio Fernandez,Jose Jimenez Casas,Antonio Fernandez / Jose Jimenez Casas
257,Antonio Fernandez,Juan Cruz Belluati,Antonio Fernandez / Juan Cruz Belluati
259,Antonio Fernandez,Mario Del Castillo,Antonio Fernandez / Mario Del Castillo
261,Antonio Fernandez,Pablo Cardona,Antonio Fernandez / Pablo Cardona
263,Antonio Fernandez,Pablo Garcia Rodrigo,Antonio Fernandez / Pablo Garcia Rodrigo
265,Antonio Luque,Facundo Dominguez,Antonio Luque / Facundo Dominguez
266,Antonio Luque,Jose Luis Gonzalez,Antonio Luque / Jose Luis Gonzalez
268,Antonio Luque,Toni Bueno,Antonio Luque / Toni Bueno
270,Antonio Varo Ramos,Karlos Rodriguez Vidal,Antonio Varo Ramos / Karlos Rodriguez Vidal
272,Aris Patiniotis,Cristian German Gutierrez,Aris Patiniotis / Cristian German Gutierrez
274,Aris Patiniotis,David Gala,Aris Patiniotis / David Gala
276,Aris Patiniotis,David Gala Sanchez,Aris Patiniotis / David Gala Sanchez
278,Aris Patiniotis,Emilio Sanchez Chamero,Aris Patiniotis / Emilio Sanchez Chamero
280,Aris Patiniotis,Facundo Dominguez,Aris Patiniotis / Facundo Dominguez
282,Aris Patiniotis,Gonzalo Gabriel Alfonso,Aris Patiniotis / Gonzalo Gabriel Alfonso
284,Aris Patiniotis,Ignacio Sager,Aris Patiniotis / Ignacio Sager
286,Aris Patiniotis,Javier Valdes,Aris Patiniotis / Javier Valdes
288,Aris Patiniotis,Jesus Moya,Aris Patiniotis / Jesus Moya
290,Aris Patiniotis,Jesús Moya Sos,Aris Patiniotis / Jesús Moya Sos
292,Aris Patiniotis,Jose David Sanchez,Aris Patiniotis / Jose David Sanchez
293,Aris Patiniotis,Thomas Leygue,Aris Patiniotis / Thomas Leygue
295,Arnau Ayats,Enrique Goenaga,Arnau Ayats / Enrique Goenaga
297,Arnau Ayats,Francisco Guerrero,Arnau Ayats / Francisco Guerrero
299,Arnau Ayats,Jose Rico,Arnau Ayats / Jose Rico
301,Arnau Ayats,Juan Cruz Belluati,Arnau Ayats / Juan Cruz Belluati
303,Arnau Ayats,Pablo Garcia Rodrigo,Arnau Ayats / Pablo Garcia Rodrigo
305,Arnau Ayats Delgado,Jose Rico,Arnau Ayats Delgado / Jose Rico
307,Arnau Ayats Delgado,Pablo Garcia Rodrigo,Arnau Ayats Delgado / Pablo Garcia Rodrigo
309,Axel William Guevara,Carlos Zarhi,Axel William Guevara / Carlos Zarhi
311,Axel William Guevara,Manuel Gayone,Axel William Guevara / Manuel Gayone
313,Bart Van Opstal,Menno Nolten,Bart Van Opstal / Menno Nolten
315,Bastien Blanque,Dylan Guichard,Bastien Blanque / Dylan Guichard
317,Bastien Blanque,Johan Bergeron,Bastien Blanque / Johan Bergeron
319,Benjamin Tison,Mario Huete Hernandez,Benjamin Tison / Mario Huete Hernandez
320,Benjamin Tison,Maxime Forcin,Benjamin Tison / Maxime Forcin
322,Benjamin Tison,Victor Mena,Benjamin Tison / Victor Mena
324,Boris Castro Garcia,Enzo Jensen Sirvent,Boris Castro Garcia / Enzo Jensen Sirvent
326,Boris Castro Garcia,Rodrigo Coello Manso,Boris Castro Garcia / Rodrigo Coello Manso
328,Bram Coene,Joris De Weerdt,Bram Coene / Joris De Weerdt
330,Bram Meijer,Sten Richters,Bram Meijer / Sten Richters
332,Candido Jorge Alfaro,Pablo Castillo Valverde,Candido Jorge Alfaro / Pablo Castillo Valverde
334,Carlos Daniel Gutierrez,Fernando Belasteguin,Carlos Daniel Gutierrez / Fernando Belasteguin
335,Carlos Daniel Gutierrez,Francisco Navarro,Carlos Daniel Gutierrez / Francisco Navarro
337,Carlos Daniel Gutierrez,Gonzalo Gabriel Alfonso,Carlos Daniel Gutierrez / Gonzalo Gabriel Alfonso
339,Carlos Daniel Gutierrez,Javier Garrido,Carlos Daniel Gutierrez / Javier Garrido
341,Carlos Daniel Gutierrez,Javier Leal,Carlos Daniel Gutierrez / Javier Leal
343,Carlos Daniel Gutierrez,Jeronimo Gonzalez,Carlos Daniel Gutierrez / Jeronimo Gonzalez
345,Carlos Daniel Gutierrez,Jose Antonio Diestro,Carlos Daniel Gutierrez / Jose Antonio Diestro
347,Carlos Daniel Gutierrez,Leonel Daniel Aguirre,Carlos Daniel Gutierrez / Leonel Daniel Aguirre
349,Carlos Daniel Gutierrez,Maximiliano Sanchez,Carlos Daniel Gutierrez / Maximiliano Sanchez
351,Carlos Daniel Gutierrez,Victor Ruiz,Carlos Daniel Gutierrez / Victor Ruiz
353,Carlos Marti,Mario Ortega,Carlos Marti / Mario Ortega
355,Carlos Marti,Miguel Angel Solbes,Carlos Marti / Miguel Angel Solbes
357,Carlos Marti,Pedro Melendez Amaya,Carlos Marti / Pedro Melendez Amaya
359,Carlos Perez Cabeza,Emiliano Martin Iriart,Carlos Perez Cabeza / Emiliano Martin Iriart
361,Carlos Perez Cabeza,Miguel Deus,Carlos Perez Cabeza / Miguel Deus
363,Christian Fuster,Miguel Angel Solbes,Christian Fuster / Miguel Angel Solbes
365,Christian Fuster,Pedro Araujo,Christian Fuster / Pedro Araujo
367,Clement Geens,Dylan Guichard,Clement Geens / Dylan Guichard
369,Clement Geens,Marco Cassetta,Clement Geens / Marco Cassetta
371,Clement Geens,Maxime Deloyer,Clement Geens / Maxime Deloyer
373,Clement Geens,Thomas Leygue,Clement Geens / Thomas Leygue
375,Cristian German Gutierrez,Diego Gil,Cristian German Gutierrez / Diego Gil
377,Cristian German Gutierrez,Facundo Dominguez,Cristian German Gutierrez / Facundo Dominguez
379,Cristian German Gutierrez,Facundo Rodrigo Luis Lopez,Cristian German Gutierrez / Facundo Rodrigo Luis Lopez
381,Cristian German Gutierrez,Jorge Ruiz,Cristian German Gutierrez / Jorge Ruiz
383,Cristian German Gutierrez,Mario Huete Hernandez,Cristian German Gutierrez / Mario Huete Hernandez
385,Cristian German Gutierrez,Renzo Gabriel Nuñez,Cristian German Gutierrez / Renzo Gabriel Nuñez
387,Cristian Jensen Sirvent,Enzo Jensen Sirvent,Cristian Jensen Sirvent / Enzo Jensen Sirvent
389,Cristobal Martinez,Cristobal Molina,Cristobal Martinez / Cristobal Molina
391,Cristobal Martinez,Pablo Molina Tofanelli,Cristobal Martinez / Pablo Molina Tofanelli
393,Daniel Appelgren,Douglas Rutgersson,Daniel Appelgren / Douglas Rutgersson
395,Daniel Santigosa Sastre,Emilio Sanchez Chamero,Daniel Santigosa Sastre / Emilio Sanchez Chamero
397,Daniel Santigosa Sastre,Jairo Bautista,Daniel Santigosa Sastre / Jairo Bautista
399,Daniel Santigosa Sastre,Javier Ruiz,Daniel Santigosa Sastre / Javier Ruiz
401,Daniel Santigosa Sastre,Marc Sintes Villalonga,Daniel Santigosa Sastre / Marc Sintes Villalonga
403,Daniel Santigosa Sastre,Mario Huete Hernandez,Daniel Santigosa Sastre / Mario Huete Hernandez
404,Daniel Santigosa Sastre,Miguel Gonzalez,Daniel Santigosa Sastre / Miguel Gonzalez
406,Daniel Santigosa Sastre,Miguel Lamperti,Daniel Santigosa Sastre / Miguel Lamperti
408,Daniel Windahl,Facundo Dominguez,Daniel Windahl / Facundo Dominguez
410,Daniel Windahl,Javier Valdes,Daniel Windahl / Javier Valdes
412,Daniel Windahl,Jose Solano Marmolejo,Daniel Windahl / Jose Solano Marmolejo
414,Daniele Cattaneo,Lorenzo Di Giovanni,Daniele Cattaneo / Lorenzo Di Giovanni
416,Daniele Cattaneo,Pau Miñano Ortinez,Daniele Cattaneo / Pau Miñano Ortinez
418,David Gala,Lucas Campagnolo,David Gala / Lucas Campagnolo
420,David Gala,Pablo Garcia Rodrigo,David Gala / Pablo Garcia Rodrigo
422,David Gala Sanchez,Jaime Munoz,David Gala Sanchez / Jaime Munoz
424,David Gala Sanchez,Lucas Campagnolo,David Gala Sanchez / Lucas Campagnolo
426,Denis Tomas Perino,Facundo Dominguez,Denis Tomas Perino / Facundo Dominguez
428,Denis Tomas Perino,Ignacio Piotto Albornoz,Denis Tomas Perino / Ignacio Piotto Albornoz
430,Denis Tomas Perino,Jorge Ruiz,Denis Tomas Perino / Jorge Ruiz
432,Denis Tomas Perino,Marc Quilez,Denis Tomas Perino / Marc Quilez
868,Jesus Moya,Sergio Icardo,Jesus Moya / Sergio Icardo
434,Denis Tomas Perino,Mario Huete Hernandez,Denis Tomas Perino / Mario Huete Hernandez
436,Denis Tomas Perino,Miguel Lamperti,Denis Tomas Perino / Miguel Lamperti
438,Denis Tomas Perino,Pablo Garcia Rodrigo,Denis Tomas Perino / Pablo Garcia Rodrigo
440,Denis Tomas Perino,Victor Mena,Denis Tomas Perino / Victor Mena
442,Diego Arredondo Garcia,Jose Pablo Padilla,Diego Arredondo Garcia / Jose Pablo Padilla
444,Diego Arredondo Garcia,Luis Enrique Barrientos Garcia,Diego Arredondo Garcia / Luis Enrique Barrientos Garcia
446,Diego Arredondo Garcia,Manuel Gayone,Diego Arredondo Garcia / Manuel Gayone
448,Diego Arredondo Garcia,Pablo Reina Ambel,Diego Arredondo Garcia / Pablo Reina Ambel
450,Diego Arredondo García,Jose Pablo Padilla,Diego Arredondo García / Jose Pablo Padilla
452,Diego García,Javier Martinez,Diego García / Javier Martinez
454,Diego García,Jose Luis Gonzalez,Diego García / Jose Luis Gonzalez
456,Diego García,Salva Oria,Diego García / Salva Oria
458,Diego García,Simon Vasquez,Diego García / Simon Vasquez
460,Diego Garcia Garcia,Francisco Cabeza Teres,Diego Garcia Garcia / Francisco Cabeza Teres
462,Diego Garcia Garcia,Jose Luis Gonzalez,Diego Garcia Garcia / Jose Luis Gonzalez
464,Diego Garcia Garcia,Salvador Oria,Diego Garcia Garcia / Salvador Oria
466,Diego Gil,Ignacio Sager,Diego Gil / Ignacio Sager
468,Diego Gil,Javier Garrido,Diego Gil / Javier Garrido
470,Diego Gil,Jesus Moya,Diego Gil / Jesus Moya
472,Diego Gil,Jose David Sanchez,Diego Gil / Jose David Sanchez
474,Diego Gil,Miguel Angel Solbes,Diego Gil / Miguel Angel Solbes
475,Diego Gil,Miguel Gonzalez,Diego Gil / Miguel Gonzalez
477,Diego Gil,Rafael Mendez,Diego Gil / Rafael Mendez
479,Diego Gil,Raul Marcos,Diego Gil / Raul Marcos
481,Diego Gil,Victor Mena,Diego Gil / Victor Mena
483,Diego Pascual Simon Tomas,Raul Peralta Corredor,Diego Pascual Simon Tomas / Raul Peralta Corredor
485,Diogo Jesus,Sergio Arias Aznar,Diogo Jesus / Sergio Arias Aznar
487,Dylan Demian Cuello,Marco Cassetta,Dylan Demian Cuello / Marco Cassetta
489,Dylan Demian Cuello,Ramiro Jesus Valenzuela,Dylan Demian Cuello / Ramiro Jesus Valenzuela
491,Dylan Guichard,Maxime Joris,Dylan Guichard / Maxime Joris
493,Eduardo Agustin Torre,Enzo Jensen Sirvent,Eduardo Agustin Torre / Enzo Jensen Sirvent
495,Eduardo Agustin Torre,Gerard Arnaldos Serrano,Eduardo Agustin Torre / Gerard Arnaldos Serrano
497,Eduardo Agustin Torre,Javier Valdes,Eduardo Agustin Torre / Javier Valdes
499,Eduardo Agustin Torre,Juan Cruz Belluati,Eduardo Agustin Torre / Juan Cruz Belluati
501,Eduardo Alonso,Jairo Bautista,Eduardo Alonso / Jairo Bautista
503,Eduardo Alonso,Jeronimo Gonzalez,Eduardo Alonso / Jeronimo Gonzalez
505,Eduardo Alonso,Juan Tello,Eduardo Alonso / Juan Tello
507,Eduardo Alonso,Juanlu Esbri,Eduardo Alonso / Juanlu Esbri
509,Eduardo Andres Lopez Figuera,Roberto Alonso Rodriguez,Eduardo Andres Lopez Figuera / Roberto Alonso Rodriguez
511,Emiliano Martin Iriart,Marcos Cordoba,Emiliano Martin Iriart / Marcos Cordoba
513,Emiliano Martin Iriart,Mauro Agustin Salandro,Emiliano Martin Iriart / Mauro Agustin Salandro
515,Emilio Sanchez Chamero,Enzo Jensen Sirvent,Emilio Sanchez Chamero / Enzo Jensen Sirvent
517,Emilio Sanchez Chamero,Facundo Dominguez,Emilio Sanchez Chamero / Facundo Dominguez
519,Emilio Sanchez Chamero,Francisco Manuel Gil,Emilio Sanchez Chamero / Francisco Manuel Gil
521,Emilio Sanchez Chamero,Javier Valdes,Emilio Sanchez Chamero / Javier Valdes
523,Emilio Sanchez Chamero,Jose Rico,Emilio Sanchez Chamero / Jose Rico
525,Emilio Sanchez Chamero,Pablo Garcia Rodrigo,Emilio Sanchez Chamero / Pablo Garcia Rodrigo
527,Enrique Goenaga,Jairo Bautista,Enrique Goenaga / Jairo Bautista
528,Enrique Goenaga,Javier Martinez,Enrique Goenaga / Javier Martinez
530,Enrique Goenaga,Juanlu Esbri,Enrique Goenaga / Juanlu Esbri
532,Enrique Goenaga,Luis Hernandez Quesada,Enrique Goenaga / Luis Hernandez Quesada
534,Enrique Goenaga,Marc Quilez,Enrique Goenaga / Marc Quilez
536,Enrique Goenaga,Teodoro Zapata,Enrique Goenaga / Teodoro Zapata
538,Enrique Goenaga,Victor Mena,Enrique Goenaga / Victor Mena
540,Facundo Dehnike,Manuel Aragon Herrera,Facundo Dehnike / Manuel Aragon Herrera
542,Facundo Dehnike,Teo Gamondi,Facundo Dehnike / Teo Gamondi
544,Facundo Dominguez,Ignacio Piotto Albornoz,Facundo Dominguez / Ignacio Piotto Albornoz
546,Facundo Dominguez,Javier Martinez,Facundo Dominguez / Javier Martinez
548,Facundo Dominguez,Javier Valdes,Facundo Dominguez / Javier Valdes
549,Facundo Dominguez,Jesus Moya,Facundo Dominguez / Jesus Moya
551,Facundo Dominguez,Jesús Moya Sos,Facundo Dominguez / Jesús Moya Sos
553,Facundo Dominguez,Jose Jimenez Casas,Facundo Dominguez / Jose Jimenez Casas
555,Facundo Dominguez,Marc Quilez,Facundo Dominguez / Marc Quilez
556,Facundo Dominguez,Mario Huete Hernandez,Facundo Dominguez / Mario Huete Hernandez
558,Facundo Dominguez,Raul Marcos,Facundo Dominguez / Raul Marcos
560,Facundo Rodrigo Luis Lopez,Juan Ignacio Rubini,Facundo Rodrigo Luis Lopez / Juan Ignacio Rubini
561,Federico Alejandro Fleitas,Juan Pablo Dametto,Federico Alejandro Fleitas / Juan Pablo Dametto
563,Federico Chingotto,Francisco Navarro,Federico Chingotto / Francisco Navarro
565,Federico Chingotto,Javier Garrido,Federico Chingotto / Javier Garrido
566,Federico Chingotto,Jeronimo Gonzalez,Federico Chingotto / Jeronimo Gonzalez
568,Federico Chiostri,Marco Cassetta,Federico Chiostri / Marco Cassetta
570,Federico Chiostri,Maximiliano Sanchez Blasco,Federico Chiostri / Maximiliano Sanchez Blasco
572,Federico Mouriño,Ignacio Piotto Albornoz,Federico Mouriño / Ignacio Piotto Albornoz
574,Federico Mouriño,Ignacio Vilariño Gestoso,Federico Mouriño / Ignacio Vilariño Gestoso
575,Federico Mouriño,Javier Garcia,Federico Mouriño / Javier Garcia
577,Federico Mouriño,Javier Martinez,Federico Mouriño / Javier Martinez
579,Federico Mouriño,Jesus Moya,Federico Mouriño / Jesus Moya
581,Federico Mouriño,Jorge Ruiz,Federico Mouriño / Jorge Ruiz
582,Federico Mouriño,Marc Quilez,Federico Mouriño / Marc Quilez
584,Federico Mouriño,Mario Huete Hernandez,Federico Mouriño / Mario Huete Hernandez
586,Federico Mouriño,Ramiro Jesus Valenzuela,Federico Mouriño / Ramiro Jesus Valenzuela
588,Federico Mouriño,Victor Mena,Federico Mouriño / Victor Mena
590,Fernando Belasteguin,Juan Tello,Fernando Belasteguin / Juan Tello
592,Fernando Belasteguin,Luciano Capra,Fernando Belasteguin / Luciano Capra
594,Fernando Belasteguin,Miguel Yanguas,Fernando Belasteguin / Miguel Yanguas
596,Fernando Belasteguin,Valentino Gabriel Libaak,Fernando Belasteguin / Valentino Gabriel Libaak
598,Fernando Belasteguin,Valentino Libaak,Fernando Belasteguin / Valentino Libaak
600,Ferran Insa Sotillo,Rodrigo Coello Manso,Ferran Insa Sotillo / Rodrigo Coello Manso
602,Ferran Insa Sotillo,Roger Aromi Siquier,Ferran Insa Sotillo / Roger Aromi Siquier
604,Ferran Insa Sotillo,Thomas Leygue,Ferran Insa Sotillo / Thomas Leygue
605,Flavio Abbate,Giulio Graziotti,Flavio Abbate / Giulio Graziotti
607,Flavio Abbate,Manuel Castaño Salguero,Flavio Abbate / Manuel Castaño Salguero
609,Flavio Abbate,Marco Cassetta,Flavio Abbate / Marco Cassetta
611,Fran Ramirez Navas,Mario Huete Hernandez,Fran Ramirez Navas / Mario Huete Hernandez
613,Fran Ramirez Navas,Rafael Mendez,Fran Ramirez Navas / Rafael Mendez
615,Fran Ramirez Navas,Victor Mena,Fran Ramirez Navas / Victor Mena
617,Francisco Britos,Mauricio A Rivero,Francisco Britos / Mauricio A Rivero
618,Francisco Cabeza Teres,Ramiro Moyano,Francisco Cabeza Teres / Ramiro Moyano
620,Francisco Cabeza Teres,Teodoro Zapata,Francisco Cabeza Teres / Teodoro Zapata
622,Francisco Guerrero,Jairo Bautista,Francisco Guerrero / Jairo Bautista
624,Francisco Guerrero,Javier Leal,Francisco Guerrero / Javier Leal
626,Francisco Guerrero,Jeronimo Gonzalez,Francisco Guerrero / Jeronimo Gonzalez
628,Francisco Guerrero,Jesus Moya,Francisco Guerrero / Jesus Moya
629,Francisco Guerrero,Pablo Cardona,Francisco Guerrero / Pablo Cardona
631,Francisco Guerrero,Teodoro Zapata,Francisco Guerrero / Teodoro Zapata
633,Francisco Jurado Sosa,Sergio Icardo,Francisco Jurado Sosa / Sergio Icardo
635,Francisco Manuel Gil,Gonzalo Gabriel Alfonso,Francisco Manuel Gil / Gonzalo Gabriel Alfonso
636,Francisco Manuel Gil,Juanlu Esbri,Francisco Manuel Gil / Juanlu Esbri
638,Francisco Manuel Gil,Maximiliano Sanchez,Francisco Manuel Gil / Maximiliano Sanchez
640,Francisco Manuel Gil,Ramiro Moyano,Francisco Manuel Gil / Ramiro Moyano
642,Francisco Manuel Gil,Victor Ruiz,Francisco Manuel Gil / Victor Ruiz
644,Francisco Manuel Gil Morales,Maximiliano Sanchez Aguero,Francisco Manuel Gil Morales / Maximiliano Sanchez Aguero
646,Francisco Manuel Gil Morales,Miguel Lamperti,Francisco Manuel Gil Morales / Miguel Lamperti
648,Francisco Manuel Gil Morales,Victor Ruiz,Francisco Manuel Gil Morales / Victor Ruiz
650,Francisco Miguel Ramirez Navas,Jeremy Scatena,Francisco Miguel Ramirez Navas / Jeremy Scatena
652,Francisco Miguel Ramirez Navas,Pedro Vera,Francisco Miguel Ramirez Navas / Pedro Vera
654,Francisco Miguel Ramirez Navas,Ricardo Martinez,Francisco Miguel Ramirez Navas / Ricardo Martinez
655,Francisco Miguel Ramirez Navas,Thomas Leygue,Francisco Miguel Ramirez Navas / Thomas Leygue
657,Francisco Miguel Ramirez Navas,Victor Mena,Francisco Miguel Ramirez Navas / Victor Mena
659,Francisco Navarro,Jon Sanz,Francisco Navarro / Jon Sanz
661,Francisco Navarro,Juan Lebron,Francisco Navarro / Juan Lebron
663,Francisco Navarro,Juan Tello,Francisco Navarro / Juan Tello
664,Francisco Navarro,Lucas Bergamini,Francisco Navarro / Lucas Bergamini
666,Francisco Navarro,Pablo Cardona,Francisco Navarro / Pablo Cardona
668,Franco Renato Dal Bianco,Javier Martinez,Franco Renato Dal Bianco / Javier Martinez
670,Franco Renato Dal Bianco,Valentino Gabriel Libaak,Franco Renato Dal Bianco / Valentino Gabriel Libaak
672,Franco Stupaczuk,Juan Lebron,Franco Stupaczuk / Juan Lebron
674,Franco Stupaczuk,Martin Di Nenno,Franco Stupaczuk / Martin Di Nenno
676,Franco Stupaczuk,Maximiliano Arce Simo,Franco Stupaczuk / Maximiliano Arce Simo
678,Franco Stupaczuk,Miguel Yanguas,Franco Stupaczuk / Miguel Yanguas
680,Georges Wakim,Youssef Hossam,Georges Wakim / Youssef Hossam
682,Gerard Arnaldos Serrano,Jose David Sanchez,Gerard Arnaldos Serrano / Jose David Sanchez
684,Gerard Arnaldos Serrano,Ricardo Martinez,Gerard Arnaldos Serrano / Ricardo Martinez
686,Giulio Graziotti,Riccardo Sinicropi,Giulio Graziotti / Riccardo Sinicropi
688,Gonzalo Gabriel Alfonso,Jairo Bautista,Gonzalo Gabriel Alfonso / Jairo Bautista
690,Gonzalo Gabriel Alfonso,Juan Ignacio De Pascual,Gonzalo Gabriel Alfonso / Juan Ignacio De Pascual
691,Gonzalo Gabriel Alfonso,Leonel Daniel Aguirre,Gonzalo Gabriel Alfonso / Leonel Daniel Aguirre
693,Gonzalo Gabriel Alfonso,Raul Marcos,Gonzalo Gabriel Alfonso / Raul Marcos
695,Gonzalo Rubio,Jairo Bautista,Gonzalo Rubio / Jairo Bautista
697,Gonzalo Rubio,Javier Ruiz,Gonzalo Rubio / Javier Ruiz
699,Gonzalo Rubio,Javier Ruiz Gonzalez,Gonzalo Rubio / Javier Ruiz Gonzalez
701,Gonzalo Rubio,Leonel Daniel Aguirre,Gonzalo Rubio / Leonel Daniel Aguirre
703,Gonzalo Rubio,Maximiliano Sanchez,Gonzalo Rubio / Maximiliano Sanchez
705,Gonzalo Rubio,Pablo Lijo,Gonzalo Rubio / Pablo Lijo
707,Guillermo Collado Losada,Javier Martinez,Guillermo Collado Losada / Javier Martinez
709,Guillermo Collado Losada,Javier Valdes,Guillermo Collado Losada / Javier Valdes
711,Guillermo Collado Losada,Jose Antonio Diestro,Guillermo Collado Losada / Jose Antonio Diestro
713,Guillermo Collado Losada,Pol Hernandez Alvarez,Guillermo Collado Losada / Pol Hernandez Alvarez
715,Gustavo Nunes,Miguel Angel Solbes,Gustavo Nunes / Miguel Angel Solbes
717,Hassan Adel Waly,Mohammed Saadon Alkuwari,Hassan Adel Waly / Mohammed Saadon Alkuwari
719,Ignacio Andres Lehyt Sances,Sebastian Muñoz Campos,Ignacio Andres Lehyt Sances / Sebastian Muñoz Campos
721,Ignacio Piotto Albornoz,Javier Rico,Ignacio Piotto Albornoz / Javier Rico
723,Ignacio Piotto Albornoz,Mario Del Castillo,Ignacio Piotto Albornoz / Mario Del Castillo
725,Ignacio Piotto Albornoz,Mario Ortega,Ignacio Piotto Albornoz / Mario Ortega
727,Ignacio Piotto Albornoz,Miguel Angel Solbes,Ignacio Piotto Albornoz / Miguel Angel Solbes
729,Ignacio Piotto Albornoz,Thomas Leygue,Ignacio Piotto Albornoz / Thomas Leygue
731,Ignacio Sager,Javier Martinez,Ignacio Sager / Javier Martinez
733,Ignacio Sager,Javier Rico,Ignacio Sager / Javier Rico
735,Ignacio Sager,Juan Cruz Belluati,Ignacio Sager / Juan Cruz Belluati
737,Ignacio Sager,Lucas Campagnolo,Ignacio Sager / Lucas Campagnolo
739,Ignacio Sager,Mario Huete Hernandez,Ignacio Sager / Mario Huete Hernandez
741,Ignacio Sager,Salvador Oria,Ignacio Sager / Salvador Oria
743,Ignacio Vilariño Gestoso,Jaime Munoz,Ignacio Vilariño Gestoso / Jaime Munoz
745,Ignacio Vilariño Gestoso,Jose Rico,Ignacio Vilariño Gestoso / Jose Rico
747,Ignacio Vilariño Gestoso,Mario Del Castillo,Ignacio Vilariño Gestoso / Mario Del Castillo
749,Ignacio Vilariño Gestoso,Miguel Semmler,Ignacio Vilariño Gestoso / Miguel Semmler
751,Ignacio Vilariño Gestoso,Pablo Garcia Rodrigo,Ignacio Vilariño Gestoso / Pablo Garcia Rodrigo
753,Ignacio Vilariño Gestoso,Salva Oria,Ignacio Vilariño Gestoso / Salva Oria
755,Ignacio Vilariño Gestoso,Salvador Oria,Ignacio Vilariño Gestoso / Salvador Oria
757,Inigo Jofre,Ivan Ramirez,Inigo Jofre / Ivan Ramirez
759,Inigo Jofre,Juan Tello,Inigo Jofre / Juan Tello
761,Inigo Jofre,Luis Hernandez Quesada,Inigo Jofre / Luis Hernandez Quesada
763,Isaac Huysveld,Maxime Deloyer,Isaac Huysveld / Maxime Deloyer
765,Ivan Ramirez,Jaime Munoz,Ivan Ramirez / Jaime Munoz
767,Ivan Ramirez,Jose Jimenez Casas,Ivan Ramirez / Jose Jimenez Casas
769,Ivan Ramirez,Jose Solano Marmolejo,Ivan Ramirez / Jose Solano Marmolejo
771,Ivan Ramirez,Mario Ortega,Ivan Ramirez / Mario Ortega
773,Ivan Ramirez,Pablo Cardona,Ivan Ramirez / Pablo Cardona
774,Ivan Ramirez,Pablo Garcia Rodrigo,Ivan Ramirez / Pablo Garcia Rodrigo
776,Ivan Ramirez,Pol Hernandez Alvarez,Ivan Ramirez / Pol Hernandez Alvarez
778,Jabor Al-Mutawa,Mohammed Al Khanji,Jabor Al-Mutawa / Mohammed Al Khanji
780,Jaime Fermosell Delgado,Jose Jimenez Casas,Jaime Fermosell Delgado / Jose Jimenez Casas
781,Jaime Fermosell Delgado,Pier Giulio Farabbi,Jaime Fermosell Delgado / Pier Giulio Farabbi
783,Jaime Fermosell Delgado,Raul Marcos,Jaime Fermosell Delgado / Raul Marcos
785,Jaime Fermosell Delgado,Simone Cremona,Jaime Fermosell Delgado / Simone Cremona
787,Jaime Munoz,Jairo Bautista,Jaime Munoz / Jairo Bautista
789,Jaime Munoz,Javier Garcia,Jaime Munoz / Javier Garcia
791,Jairo Bautista,Juan Martin Diaz Martinez,Jairo Bautista / Juan Martin Diaz Martinez
793,Jairo Bautista,Santiago Jose Pineda Cabello,Jairo Bautista / Santiago Jose Pineda Cabello
795,Jairo Bautista,Valentino Gabriel Libaak,Jairo Bautista / Valentino Gabriel Libaak
797,Jaume Romera Barcelo,Simone Cremona,Jaume Romera Barcelo / Simone Cremona
799,Javier Barahona,Javier Garcia,Javier Barahona / Javier Garcia
801,Javier Barahona,Teodoro Zapata,Javier Barahona / Teodoro Zapata
803,Javier Bravo Alvarez,Javier Ruiz,Javier Bravo Alvarez / Javier Ruiz
805,Javier Garcia,Jose Antonio Diestro,Javier Garcia / Jose Antonio Diestro
807,Javier Garrido,Javier Rico,Javier Garrido / Javier Rico
809,Javier Garrido,Jeronimo Gonzalez,Javier Garrido / Jeronimo Gonzalez
811,Javier Garrido,Juan Cruz Belluati,Javier Garrido / Juan Cruz Belluati
813,Javier Garrido,Leonel Daniel Aguirre,Javier Garrido / Leonel Daniel Aguirre
815,Javier Garrido,Lucas Bergamini,Javier Garrido / Lucas Bergamini
817,Javier Garrido,Lucas Campagnolo,Javier Garrido / Lucas Campagnolo
819,Javier Garrido,Martin Di Nenno,Javier Garrido / Martin Di Nenno
821,Javier Garrido,Miguel Yanguas,Javier Garrido / Miguel Yanguas
823,Javier Garrido,Pablo Cardona,Javier Garrido / Pablo Cardona
825,Javier Garrido,Pablo Garcia Rodrigo,Javier Garrido / Pablo Garcia Rodrigo
827,Javier Garrido,Valentino Gabriel Libaak,Javier Garrido / Valentino Gabriel Libaak
829,Javier Leal,Jon Sanz,Javier Leal / Jon Sanz
830,Javier Leal,Jose Antonio Diestro,Javier Leal / Jose Antonio Diestro
832,Javier Leal,Lucas Bergamini,Javier Leal / Lucas Bergamini
834,Javier Leal,Lucas Campagnolo,Javier Leal / Lucas Campagnolo
836,Javier Martinez,Jorge Ruiz,Javier Martinez / Jorge Ruiz
838,Javier Martinez,Miguel Benitez Lara,Javier Martinez / Miguel Benitez Lara
840,Javier Martinez,Rafael Mendez,Javier Martinez / Rafael Mendez
841,Javier Rico,Jesus Moya,Javier Rico / Jesus Moya
843,Javier Rico,Jorge Ruiz,Javier Rico / Jorge Ruiz
844,Javier Rico,Juanlu Esbri,Javier Rico / Juanlu Esbri
846,Javier Rico,Luis Hernandez Quesada,Javier Rico / Luis Hernandez Quesada
848,Javier Rico,Rafael Mendez,Javier Rico / Rafael Mendez
850,Javier Ruiz,Jose Antonio Diestro,Javier Ruiz / Jose Antonio Diestro
852,Javier Ruiz,Juan Cruz Belluati,Javier Ruiz / Juan Cruz Belluati
854,Javier Ruiz,Pablo Cardona,Javier Ruiz / Pablo Cardona
856,Javier Ruiz,Victor Ruiz,Javier Ruiz / Victor Ruiz
858,Javier Valdes,Jose David Sanchez,Javier Valdes / Jose David Sanchez
860,Javier Valdes,Rafael Mendez,Javier Valdes / Rafael Mendez
862,Jeronimo Gonzalez,Jon Sanz,Jeronimo Gonzalez / Jon Sanz
864,Jeronimo Gonzalez,Juan Lebron,Jeronimo Gonzalez / Juan Lebron
866,Jesus Moya,Miguel Deus,Jesus Moya / Miguel Deus
870,Jesus Moya,Thomas Leygue,Jesus Moya / Thomas Leygue
872,Jesús Moya Sos,Thomas Leygue,Jesús Moya Sos / Thomas Leygue
874,Joao Maria Caiano,Thijs Roper,Joao Maria Caiano / Thijs Roper
876,Joel Olivera Palos,Teo Gamondi,Joel Olivera Palos / Teo Gamondi
878,Johannes Lindmeyer,Matthias Wunner,Johannes Lindmeyer / Matthias Wunner
880,Jon Sanz,Jorge Nieto,Jon Sanz / Jorge Nieto
882,Jorge Nieto,Miguel Yanguas,Jorge Nieto / Miguel Yanguas
884,Jorge Nieto,Pablo Lima,Jorge Nieto / Pablo Lima
885,Jorge Nieto Ruiz,Miguel Yanguas,Jorge Nieto Ruiz / Miguel Yanguas
887,Jorge Ruiz,Miguel Semmler,Jorge Ruiz / Miguel Semmler
889,Jose Antonio Diestro,Juanlu Esbri,Jose Antonio Diestro / Juanlu Esbri
891,Jose Antonio Diestro,Pablo Lijo,Jose Antonio Diestro / Pablo Lijo
893,Jose Antonio Diestro,Pol Hernandez Alvarez,Jose Antonio Diestro / Pol Hernandez Alvarez
895,Jose Antonio Diestro,Victor Ruiz,Jose Antonio Diestro / Victor Ruiz
897,Jose Carlos Gaspar,Jose Maria Mouliaa,Jose Carlos Gaspar / Jose Maria Mouliaa
899,Jose David Sanchez,Juan Zamora Perez,Jose David Sanchez / Juan Zamora Perez
901,Jose David Sanchez,Mario Del Castillo,Jose David Sanchez / Mario Del Castillo
903,Jose David Sanchez,Mario Ortega,Jose David Sanchez / Mario Ortega
905,Jose David Sanchez,Pedro Araujo,Jose David Sanchez / Pedro Araujo
907,Jose David Sanchez,Raul Marcos,Jose David Sanchez / Raul Marcos
908,Jose Jimenez Casas,Luis Hernandez Quesada,Jose Jimenez Casas / Luis Hernandez Quesada
910,Jose Jimenez Casas,Mario Del Castillo,Jose Jimenez Casas / Mario Del Castillo
912,Jose Jimenez Casas,Maximiliano Sanchez Blasco,Jose Jimenez Casas / Maximiliano Sanchez Blasco
914,Jose Jimenez Casas,Miguel Benitez Lara,Jose Jimenez Casas / Miguel Benitez Lara
916,Jose Jimenez Casas,Miguel Lamperti,Jose Jimenez Casas / Miguel Lamperti
918,Jose Jimenez Casas,Ramiro Moyano,Jose Jimenez Casas / Ramiro Moyano
920,Jose Jimenez Casas,Teodoro Zapata,Jose Jimenez Casas / Teodoro Zapata
922,Jose Luis Gonzalez,Marc Quilez,Jose Luis Gonzalez / Marc Quilez
924,Jose Luis Gonzalez,Marco Cassetta,Jose Luis Gonzalez / Marco Cassetta
926,Jose Maria Alvarez Torres,Pablo Francisco Amora Hernandez,Jose Maria Alvarez Torres / Pablo Francisco Amora Hernandez
928,Jose Pablo Padilla,Juan Pablo Castillo,Jose Pablo Padilla / Juan Pablo Castillo
930,Jose Rico,Miguel Benitez Lara,Jose Rico / Miguel Benitez Lara
932,Jose Rico,Salvador Oria,Jose Rico / Salvador Oria
933,Jose Roman Martinez Sanchis,Pablo Castillo Valverde,Jose Roman Martinez Sanchis / Pablo Castillo Valverde
935,Jose Solano Marmolejo,Victor Mena,Jose Solano Marmolejo / Victor Mena
937,Juan Cruz Belluati,Luis Hernandez Quesada,Juan Cruz Belluati / Luis Hernandez Quesada
939,Juan Cruz Belluati,Miguel Lamperti,Juan Cruz Belluati / Miguel Lamperti
941,Juan Cruz Belluati,Pablo Lijo,Juan Cruz Belluati / Pablo Lijo
943,Juan Cruz Belluati,Pablo Lijó,Juan Cruz Belluati / Pablo Lijó
945,Juan Cruz Belluati,Ramiro Moyano,Juan Cruz Belluati / Ramiro Moyano
947,Juan Ignacio De Pascual,Miguel Lamperti,Juan Ignacio De Pascual / Miguel Lamperti
949,Juan Ignacio Rubini,Miguel Lamperti,Juan Ignacio Rubini / Miguel Lamperti
951,Juan Lebron,Leandro Roman Augsburguer,Juan Lebron / Leandro Roman Augsburguer
953,Juan Lebron,Martin Di Nenno,Juan Lebron / Martin Di Nenno
955,Juan Manuel Argañaras,Oscar Matias Almada,Juan Manuel Argañaras / Oscar Matias Almada
957,Juan Manuel Restivo,Martin Ariel Andornino,Juan Manuel Restivo / Martin Ariel Andornino
958,Juan Manuel Restivo,Relis Ferreyra,Juan Manuel Restivo / Relis Ferreyra
960,Juan Martin Diaz Martinez,Miguel Lamperti,Juan Martin Diaz Martinez / Miguel Lamperti
962,Juan Pablo Andrada,Max Sjovall,Juan Pablo Andrada / Max Sjovall
964,Juan Pablo Dametto,Mateo Rivero,Juan Pablo Dametto / Mateo Rivero
966,Juan Tello,Martin Di Nenno,Juan Tello / Martin Di Nenno
968,Juan Tello,Miguel Lamperti,Juan Tello / Miguel Lamperti
970,Juan Tello,Miguel Semmler,Juan Tello / Miguel Semmler
972,Juan Tello,Pablo Cardona,Juan Tello / Pablo Cardona
974,Juan Tello,Valentino Gabriel Libaak,Juan Tello / Valentino Gabriel Libaak
976,Juan Zamora Perez,Mariano Agustin Gonzalez San Martin,Juan Zamora Perez / Mariano Agustin Gonzalez San Martin
978,Juanlu Esbri,Lucas Bergamini,Juanlu Esbri / Lucas Bergamini
980,Juanlu Esbri,Lucas Campagnolo,Juanlu Esbri / Lucas Campagnolo
982,Juanlu Esbri,Luciano Capra,Juanlu Esbri / Luciano Capra
984,Juanlu Esbri,Salvador Oria,Juanlu Esbri / Salvador Oria
986,Julian Di Bene,Mauro Agustin Salandro,Julian Di Bene / Mauro Agustin Salandro
987,Julian Lacamoire,Youssef Hossam,Julian Lacamoire / Youssef Hossam
989,Julian Prins,Youp De Kroon,Julian Prins / Youp De Kroon
991,Julien Seurin,Maxime Moreau,Julien Seurin / Maxime Moreau
993,Julien Seurin,Philemon Raichman,Julien Seurin / Philemon Raichman
995,Kevin Uriel Kviatkovski,Renzo Gabriel Nuñez,Kevin Uriel Kviatkovski / Renzo Gabriel Nuñez
997,Khalid Saadon al-Kuwari,Mohammed Abdulla,Khalid Saadon al-Kuwari / Mohammed Abdulla
998,Khalid Saadon Alkuwari,Mohammed Saadon Alkuwari,Khalid Saadon Alkuwari / Mohammed Saadon Alkuwari
1000,Leandro Augsburger,Martin Di Nenno,Leandro Augsburger / Martin Di Nenno
1002,Leandro Augsburger,Pablo Cardona,Leandro Augsburger / Pablo Cardona
1004,Leandro Augsburger,Valentino Libaak,Leandro Augsburger / Valentino Libaak
1006,Leandro Roman Augsburguer,Martin Di Nenno,Leandro Roman Augsburguer / Martin Di Nenno
1008,Leandro Roman Augsburguer,Pablo Cardona,Leandro Roman Augsburguer / Pablo Cardona
1010,Lorenzo Di Giovanni,Riccardo Sinicropi,Lorenzo Di Giovanni / Riccardo Sinicropi
1012,Lorenzo Di Giovanni,Simone Cremona,Lorenzo Di Giovanni / Simone Cremona
1014,Lorenzo Di Giovanni,Simone Iacovino,Lorenzo Di Giovanni / Simone Iacovino
1016,Lucas Bergamini,Pablo Cardona,Lucas Bergamini / Pablo Cardona
1018,Lucas Bergamini,Victor Ruiz,Lucas Bergamini / Victor Ruiz
1020,Lucas Campagnolo,Maximiliano Sanchez,Lucas Campagnolo / Maximiliano Sanchez
1022,Luciano Capra,Maximiliano Sanchez,Luciano Capra / Maximiliano Sanchez
1024,Luciano Puppo,Matias Damian Gonzalez,Luciano Puppo / Matias Damian Gonzalez
1025,Manuel Castaño Salguero,Nicolas Suescun,Manuel Castaño Salguero / Nicolas Suescun
1027,Manuel Yuste Apolinar,Sattam Alshahrani,Manuel Yuste Apolinar / Sattam Alshahrani
1029,Marc Quilez,Miguel Semmler,Marc Quilez / Miguel Semmler
1030,Marc Quilez,Toni Bueno,Marc Quilez / Toni Bueno
1032,Marc Sintes Villalonga,Nacho Moragues Moltò,Marc Sintes Villalonga / Nacho Moragues Moltò
1034,Marco Cassetta,Miguel Angel Solbes,Marco Cassetta / Miguel Angel Solbes
1036,Marco Cassetta,Simone Cremona,Marco Cassetta / Simone Cremona
1038,Marcos Gonzalez Blanco,Pepe Aliaga,Marcos Gonzalez Blanco / Pepe Aliaga
1040,Mariano Agustin Gonzalez San Martin,Martin Abud,Mariano Agustin Gonzalez San Martin / Martin Abud
1042,Mario Del Castillo,Mario Huete Hernandez,Mario Del Castillo / Mario Huete Hernandez
1044,Mario Del Castillo,Mario Ortega,Mario Del Castillo / Mario Ortega
1046,Mario Del Castillo,Miguel Benitez Lara,Mario Del Castillo / Miguel Benitez Lara
1048,Mario Del Castillo,Miguel Lamperti,Mario Del Castillo / Miguel Lamperti
1050,Mario Del Castillo,Rafael Mendez,Mario Del Castillo / Rafael Mendez
1052,Mario Huete Hernandez,Mario Ortega,Mario Huete Hernandez / Mario Ortega
1054,Mario Huete Hernandez,Maximiliano Arce Simo,Mario Huete Hernandez / Maximiliano Arce Simo
1056,Mario Ortega,Miguel Gonzalez,Mario Ortega / Miguel Gonzalez
1058,Martin Abud,Rafael Mendez,Martin Abud / Rafael Mendez
1060,Martin Sanchez Piñeiro,Pablo Garcia Rodrigo,Martin Sanchez Piñeiro / Pablo Garcia Rodrigo
1061,Mashari Nawaf,Rashed Nawaf,Mashari Nawaf / Rashed Nawaf
1063,Matias Damian Gonzalez,Tomas Luco,Matias Damian Gonzalez / Tomas Luco
1065,Matias Emmanuel Del Moral,Santiago Frugoni,Matias Emmanuel Del Moral / Santiago Frugoni
1066,Maxime Joris,Thomas Vanbauce,Maxime Joris / Thomas Vanbauce
1068,Maxime Moreau,Riccardo Sinicropi,Maxime Moreau / Riccardo Sinicropi
1069,Maximiliano Arce Simo,Pablo Lijo,Maximiliano Arce Simo / Pablo Lijo
1071,Maximiliano Arce Simo,Pablo Lijó,Maximiliano Arce Simo / Pablo Lijó
1073,Maximiliano Sanchez Blasco,Santiago Rolla,Maximiliano Sanchez Blasco / Santiago Rolla
1074,Menno Nolten,Philemon Raichman,Menno Nolten / Philemon Raichman
1076,Michele Bruno,Simone Iacovino,Michele Bruno / Simone Iacovino
1078,Miguel Angel Solbes,Miguel Gonzalez,Miguel Angel Solbes / Miguel Gonzalez
1080,Miguel Deus,Nuno Deus,Miguel Deus / Nuno Deus
1082,Miguel Gonzalez,Thomas Leygue,Miguel Gonzalez / Thomas Leygue
1084,Miguel Melero Bernal,Pier Giulio Farabbi,Miguel Melero Bernal / Pier Giulio Farabbi
1086,Miguel Semmler,Pablo Lijo,Miguel Semmler / Pablo Lijo
1088,Mohamed Aboulkassem,Youssef Hossam,Mohamed Aboulkassem / Youssef Hossam
1090,Nicholas Agritelley,Vinny Nahuel Di Francesco,Nicholas Agritelley / Vinny Nahuel Di Francesco
1092,Nicolas Suescun,Pablo Garcia Rodrigo,Nicolas Suescun / Pablo Garcia Rodrigo
1094,Nicolas Suescun,Sergio Alba,Nicolas Suescun / Sergio Alba
1096,Nicolas Suescun,Victor Mena,Nicolas Suescun / Victor Mena
1098,Nuno Deus,Simone Cremona,Nuno Deus / Simone Cremona
1100,Pablo Acevedo Iturribarria,Pablo Francisco Amora Hernandez,Pablo Acevedo Iturribarria / Pablo Francisco Amora Hernandez
1102,Pablo Pastor Landaburu,Samuel Rivas Garcia,Pablo Pastor Landaburu / Samuel Rivas Garcia
1104,Pau Miñano Ortinez,Thijs Roper,Pau Miñano Ortinez / Thijs Roper
1106,Pau Miñano Ortinez,Victor Mena,Pau Miñano Ortinez / Victor Mena
1108,Pepe Aliaga,Simon Vasquez,Pepe Aliaga / Simon Vasquez
1110,Pol Hernandez Alvarez,Ramiro Jesus Valenzuela,Pol Hernandez Alvarez / Ramiro Jesus Valenzuela
1112,Pyry Hyrkkönen,Saska Huttunen,Pyry Hyrkkönen / Saska Huttunen
1114,Rafael Mendez,Toni Bueno,Rafael Mendez / Toni Bueno
1116,Raul Marcos,Sergio Alba,Raul Marcos / Sergio Alba
1118,Roberto Belmont Pastor,Victor Tur Checa,Roberto Belmont Pastor / Victor Tur Checa
1120,Sergio Alba,Sergio Icardo,Sergio Alba / Sergio Icardo
1122,Simon Wagner,Thomas Vanbauce,Simon Wagner / Thomas Vanbauce
1124,Timeo Fonteny,Yoan Boronad,Timeo Fonteny / Yoan Boronad
1126,Valentino Libaak,Victor Ruiz,Valentino Libaak / Victor Ruiz
